{
  "parts": [
    {
      "name": "somepart",
      "pre": [],
      "post": ["ep_onemoreplugin/partone"]
    },
    {
      "name": "partlast",
      "pre": ["ep_fintest/otherpart"],
      "post": [],
      "hooks": {
	"somehookname": "ep_fintest/partlast:somehook"
      }
    },
    {
      "name": "partfirst",
      "pre": [],
      "post": ["ep_onemoreplugin/somepart"]
    },
    {
      "name": "otherpart",
      "pre": ["ep_fintest/somepart", "ep_otherplugin/main"],
      "post": [],
      "hooks": {
	"somehookname": "ep_fintest/otherpart:somehook",
	"morehook": "ep_fintest/otherpart:morehook",
	"expressCreateServer": "ep_fintest/otherpart:expressServer",
	"eejsBlock_editbarMenuLeft": "ep_fintest/otherpart:eejsBlock_editbarMenuLeft"
      },
      "client_hooks": {
        "somehookname": "ep_fintest/static/js/test:bar"
      }
    }
  ]
}
